INSERT INTO BLOCKCHAIN_ACCESS_TYPE (
    TYPE,
    DESCRIPTION
) VALUES
('PUBLIC',
 'A BLOCKCHAIN WHERE ANYONE CAN JOIN, PARTICIPATE, AND VALIDATE TRANSACTIONS. IT IS FULLY PERMISSIONLESS, MEANING THERE ARE NO RESTRICTIONS ON WHO CAN PARTICIPATE IN THE CONSENSUS PROCESS. EXAMPLES INCLUDE BITCOIN AND ETHEREUM, WHERE ANYONE CAN BECOME A MINER OR VALIDATOR. PUBLIC BLOCKCHAINS ARE OPEN FOR ALL BUT CAN FACE SCALABILITY AND TRANSACTION SPEED ISSUES.'),
('PRIVATE',
 'A BLOCKCHAIN WHERE ACCESS IS RESTRICTED TO A SPECIFIC GROUP OF PARTICIPANTS, TYPICALLY CONTROLLED BY A SINGLE ORGANIZATION OR CONSORTIUM. ONLY AUTHORIZED PARTICIPANTS CAN JOIN AND VALIDATE TRANSACTIONS, MAKING IT MORE CENTRALIZED AND SECURE. OFTEN USED FOR ENTERPRISE SOLUTIONS TO HANDLE SENSITIVE DATA. EXAMPLES INCLUDE HYPERLEDGER AND CORDA. PRIVATE BLOCKCHAINS OFFER BETTER CONTROL BUT LACK THE DECENTRALIZATION OF PUBLIC CHAINS.'),
('HYBRID',
 'A BLOCKCHAIN THAT COMBINES ELEMENTS OF BOTH PUBLIC AND PRIVATE BLOCKCHAINS, ALLOWING SOME DATA TO BE PUBLIC AND OTHER DATA TO REMAIN PRIVATE. THIS ALLOWS FOR GREATER FLEXIBILITY IN TERMS OF TRANSPARENCY AND CONTROL. FOR EXAMPLE, SENSITIVE DATA CAN BE KEPT PRIVATE WHILE TRANSACTION VALIDATION CAN BE MADE PUBLIC. HYBRID BLOCKCHAINS OFFER A BALANCE OF TRANSPARENCY, SECURITY, AND CONTROL.'),
('CONSORTIUM',
 'A BLOCKCHAIN WHERE THE NETWORK IS GOVERNED BY A GROUP OF ORGANIZATIONS RATHER THAN A SINGLE ENTITY. IT COMBINES ASPECTS OF BOTH PRIVATE AND PUBLIC BLOCKCHAINS, WHERE ONLY AUTHORIZED ENTITIES CAN PARTICIPATE AS VALIDATORS. IT’S OFTEN USED IN BUSINESS COLLABORATIONS TO MAINTAIN PRIVACY WHILE ALLOWING TRANSPARENCY AMONG THE MEMBERS OF THE CONSORTIUM. EXAMPLES INCLUDE QUORUM AND RIPPLE. CONSORTIUM BLOCKCHAINS PROVIDE MORE DECENTRALIZED CONTROL COMPARED TO PRIVATE BLOCKCHAINS BUT ARE STILL PERMISSIONED AND RESTRICTED TO A GROUP OF TRUSTED PARTICIPANTS.');


INSERT INTO BLOCKCHAIN_TOKEN_TYPE (
    TYPE,
    DESCRIPTION
) VALUES
('STABLECOIN', 'A CRYPTOCURRENCY PEGGED TO A STABLE ASSET, SUCH AS A FIAT CURRENCY, TO REDUCE VOLATILITY. EXAMPLES INCLUDE USDT (TETHER), USDC (USD COIN), AND DAI.'),
('NATIVE COIN', 'THE PRIMARY CRYPTOCURRENCY USED WITHIN ITS RESPECTIVE BLOCKCHAIN NETWORK TO PAY FOR TRANSACTION FEES AND SERVICES. EXAMPLES INCLUDE BITCOIN (BTC) FOR BITCOIN, ETHER (ETH) FOR ETHEREUM, AND XRP FOR RIPPLE (XRP LEDGER).'),
('UTILITY TOKEN', 'A TYPE OF TOKEN THAT IS USED WITHIN A BLOCKCHAIN ECOSYSTEM TO ACCESS SPECIFIC FEATURES OR SERVICES. EXAMPLES INCLUDE BINANCE COIN (BNB), WHICH CAN BE USED TO PAY FOR TRANSACTION FEES ON BINANCE.'),
('SECURITY TOKEN', 'A TOKEN THAT REPRESENTS AN OWNERSHIP STAKE OR INVESTMENT IN AN ASSET, TYPICALLY REGULATED BY GOVERNMENT AGENCIES. THESE TOKENS COMPLY WITH SECURITIES LAWS. EXAMPLES INCLUDE TZERO AND TOKENIZED REAL ESTATE ASSETS.'),
('GOVERNANCE TOKEN', 'A TOKEN THAT GRANTS ITS HOLDER THE RIGHT TO PARTICIPATE IN THE DECISION-MAKING PROCESS OF A DECENTRALIZED NETWORK OR PROJECT. EXAMPLES INCLUDE UNISWAP (UNI) AND COMPOUND (COMP).'),
('NON-FUNGIBLE TOKEN (NFT)', 'A UNIQUE, INDIVISIBLE TOKEN THAT REPRESENTS OWNERSHIP OF A SPECIFIC ITEM OR ASSET, SUCH AS DIGITAL ART OR COLLECTIBLES. EXAMPLES INCLUDE CRYPTOPUNKS, BORED APE YACHT CLUB (BAYC), AND DECENTRALAND.'),
('MEME TOKEN','MEME TOKENS ARE CRYPTOCURRENCIES DRIVEN BY INTERNET CULTURE, HUMOR, AND COMMUNITY HYPE, OFTEN LACKING FUNDAMENTAL UTILITY. THEY GAIN TRACTION THROUGH SOCIAL MEDIA (E.G., REDDIT, TWITTER) AND VIRAL TRENDS.');



INSERT INTO CONSENSUS_ALGORITHM_TYPE (TYPE, DESCRIPTION) VALUES
('POW', 'PROOF OF WORK: MINERS SOLVE CRYPTOGRAPHIC PUZZLES TO VALIDATE TRANSACTIONS. USED BY BITCOIN (BTC), LITECOIN (LTC), AND DOGECOIN (DOGE).'),
('POS', 'PROOF OF STAKE: VALIDATORS STAKE COINS TO SECURE THE NETWORK. USED BY ETHEREUM (ETH), AVALANCHE (AVAX), AND CARDANO (ADA) VIA OUROBOROS.'),
('POC', 'PROOF OF CAPACITY: VALIDATORS ALLOCATE DISK SPACE TO PARTICIPATE. USED BY CHIA (XCH) AND BURSTCOIN (BURST).'),
('POB', 'PROOF OF BURN: COINS ARE "BURNED" (SENT TO UNSPENDABLE ADDRESSES) TO GAIN MINING RIGHTS. RARELY USED; SEEN IN SLIMCOIN (SLM).'),
('POH', 'PROOF OF HISTORY: CRYPTOGRAPHIC CLOCK FOR ORDERING TRANSACTIONS. PART OF SOLANA’S (SOL) HYBRID CONSENSUS.'),
('POH+POS+BFT', 'HYBRID CONSENSUS COMBINING PROOF OF HISTORY, PROOF OF STAKE, AND BYZANTINE FAULT TOLERANCE. USED BY SOLANA (SOL) FOR SCALABILITY AND SECURITY.'),
('POSA', 'PROOF OF STAKED AUTHORITY: HYBRID OF POS AND PROOF OF AUTHORITY, WHERE VALIDATORS STAKE TOKENS AND ARE PRE-APPROVED. USED BY BNB CHAIN (BNB).'),
('POH+POS', 'COMBINATION OF PROOF OF HISTORY (TIMESTAMPING) AND PROOF OF STAKE. USED BY SOLANA (SOL) FOR HIGH-SPEED VALIDATION.'),
('RIPPLE PROTOCOL', 'RIPPLE PROTOCOL CONSENSUS ALGORITHM (RPCA): TRUSTED VALIDATORS ITERATIVELY AGREE ON TRANSACTIONS. USED BY XRP LEDGER (XRP).'),
('OUROBOROS POS', 'PEER-REVIEWED POS PROTOCOL WITH EPOCHS AND STAKE POOLS. USED BY CARDANO (ADA).'),
('AUXPOW', 'AUXILIARY PROOF OF WORK: ALLOWS MERGING MINING WITH A PARENT CHAIN (E.G., DOGECOIN (DOGE) MINING WITH BITCOIN).'),
('SNOWMAN POS', 'AVALANCHE CONSENSUS VARIANT OPTIMIZED FOR LINEAR BLOCKCHAINS. USED BY AVALANCHE (AVAX) C-CHAIN.'),
('POS (ORACLE)', 'PROOF OF STAKE WITH ORACLE GOVERNANCE. USED BY CHAINLINK (LINK) FOR DECENTRALIZED ORACLE CONSENSUS.'),
('GOVERNANCE', 'ON-CHAIN GOVERNANCE FOR PROTOCOL UPGRADES (NOT STRICTLY CONSENSUS). USED BY MAKERDAO (MKR) AND OTHERS.'),
('TENDERMINT BFT', 'BYZANTINE FAULT TOLERANT CONSENSUS WITH INSTANT FINALITY. USED BY COSMOS (ATOM) AND TERRA CLASSIC (LUNC).'),
('RANDOMX POW', 'ASIC-RESISTANT PROOF OF WORK ALGORITHM. USED BY MONERO (XMR).'),
('PURE POS', 'PERMISSIONLESS POS WITH CRYPTOGRAPHIC RANDOMNESS. USED BY ALGORAND (ALGO).'),
('SCP', 'STELLAR CONSENSUS PROTOCOL: FEDERATED BYZANTINE AGREEMENT. USED BY STELLAR (XLM).'),
('POREP/POST', 'PROOF OF REPLICATION/PROOF OF SPACETIME: STORAGE VALIDATION, NOT BLOCKCHAIN CONSENSUS. USED BY FILECOIN (FIL).'),
('DPOS', 'DELEGATED PROOF OF STAKE: TOKEN HOLDERS ELECT BLOCK PRODUCERS. USED BY TRON (TRX) AND EOS (EOS).'),
('NIGHTSHADE POS', 'SHARDED POS CONSENSUS FOR PARALLEL TRANSACTION PROCESSING. USED BY NEAR PROTOCOL (NEAR).'),
('LIQUID POS', 'LIQUID STAKING WITH DELEGATED VALIDATION. USED BY LIQUIDCHAIN (XLC) AND DERIVATIVES.'),
('THRESHOLD RELAY', 'RANDOM LEADER ELECTION VIA VERIFIABLE DELAY FUNCTIONS. USED BY INTERNET COMPUTER (ICP).'),
('HASHGRAPH ABFT', 'ASYNCHRONOUS BYZANTINE FAULT TOLERANT GOSSIP PROTOCOL. USED BY HEDERA (HBAR).'),
('LACHESIS ABFT', 'DAG-BASED ABFT CONSENSUS FOR FANTOM (FTM).'),
('POS (ETH)', 'ETHEREUM’S PROOF OF STAKE (GASPER CONSENSUS). USED BY ETHEREUM (ETH) POST-MERGE.'),
('N/A', 'NO CONSENSUS MECHANISM (E.G., STABLECOINS, WRAPPED TOKENS, OR NON-BLOCKCHAIN SYSTEMS).'),
('NPOS', 'NOMINATED PROOF OF STAKE: TOKEN HOLDERS NOMINATE VALIDATORS. USED BY POLKADOT (DOT).'),
('POA', 'PROOF OF AUTHORITY: PRE-APPROVED VALIDATORS WITH IDENTITY STAKES. USED BY VECHAIN (VET).');


INSERT INTO BLOCKCHAIN_NETWORK_TYPE (TYPE, DESCRIPTION, EXAMPLES, KEY_FEATURES) VALUES
('LAYER-0',
 'PROTOCOLS ENABLING CROSS-CHAIN INTEROPERABILITY AND MULTI-CHAIN INFRASTRUCTURE.',
 'COSMOS (ATOM), POLKADOT (DOT), AVALANCHE SUBNETS',
 'INTER-BLOCKCHAIN COMMUNICATION (IBC), SHARED SECURITY, PARACHAINS.'),

('LAYER-1',
 'BASE BLOCKCHAIN NETWORKS WITH NATIVE CONSENSUS AND SECURITY.',
 'BITCOIN (BTC), ETHEREUM (ETH), SOLANA (SOL), CARDANO (ADA)',
 'PROOF OF WORK (POW), PROOF OF STAKE (POS), SMART CONTRACTS.'),

('LAYER-2',
 'SCALABILITY SOLUTIONS BUILT ATOP LAYER-1 BLOCKCHAINS.',
 'OPTIMISM (OP), ARBITRUM (ARB), POLYGON ZKEVM, LIGHTNING NETWORK (BITCOIN)',
 'ROLLUPS (ZK/OPTIMISTIC), STATE CHANNELS, INHERITS L1 SECURITY.'),

('SIDECHAIN',
 'INDEPENDENT BLOCKCHAINS CONNECTED TO A LAYER-1 VIA TWO-WAY BRIDGES.',
 'POLYGON POS, GNOSIS CHAIN (XDAI), RONIN (AXS)',
 'CUSTOM CONSENSUS (E.G., POA), FASTER TRANSACTIONS, SEPARATE SECURITY MODEL.'),

('APPCHAIN',
 'APPLICATION-SPECIFIC BLOCKCHAINS TAILORED FOR A SINGLE DAPP.',
 'DYDX CHAIN (COSMOS), INJECTIVE (INJ), OSMOSIS (OSMO)',
 'HIGH CUSTOMIZATION, DEDICATED THROUGHPUT, OFTEN BUILT ON LAYER-0.'),

('HYBRID NETWORK',
 'COMBINES FEATURES OF MULTIPLE LAYERS OR CONSENSUS MODELS.',
 'POLYGON (POS + ZKEVM), AVALANCHE (L1 + SUBNETS)',
 'BALANCES DECENTRALIZATION, SCALABILITY, AND FLEXIBILITY.'),

('MODULAR BLOCKCHAIN',
 'SEPARATES EXECUTION, CONSENSUS, AND DATA AVAILABILITY LAYERS.',
 'CELESTIA (TIA), EIGENLAYER, FUEL NETWORK',
 'SPECIALIZED LAYERS (E.G., ROLLUP-FOCUSED DATA AVAILABILITY).'),

('PRIVATE/PERMISSIONED',
 'RESTRICTED ACCESS NETWORKS FOR ENTERPRISE USE CASES.',
 'HYPERLEDGER FABRIC, R3 CORDA, QUORUM',
 'CENTRALIZED GOVERNANCE, HIGH THROUGHPUT, PRIVACY FEATURES.');


INSERT INTO HASH_ALGO_NAME (NAME, CONSENSUS_ALGORITHM_TYPE, DESCRIPTION, HARDWARE_TYPE, PROS, CONS, ENERGY_EFFICIENCY) VALUES
('SHA-256', 'POW', 'SECURE HASH ALGORITHM 256-BIT, DEVELOPED BY THE NSA, PRODUCES A 256-BIT HASH. USED FOR BITCOIN MINING AND TRANSACTION VERIFICATION, ENSURING DATA INTEGRITY THROUGH DETERMINISTIC OUTPUT.', 'ASIC, GPU', 'HIGH SECURITY, WIDELY ADOPTED, RESISTANT TO COLLISIONS, STANDARDIZED BY NIST.', 'HIGH COMPUTATIONAL POWER REQUIRED, ASIC DOMINANCE CENTRALIZES MINING, VULNERABLE TO LENGTH EXTENSION ATTACKS.', 'LOW'),
('SCRYPT', 'POW', 'A MEMORY-INTENSIVE HASH FUNCTION DESIGNED TO REDUCE ASIC ADVANTAGE, USED FOR MINING LITECOIN AND DOGECOIN. PRODUCES A HASH THROUGH ITERATIVE COMPUTATIONS.', 'ASIC, GPU, CPU', 'MEMORY-HARD, REDUCES ASIC DOMINANCE, SUPPORTS CPU/GPU MINING, FASTER THAN SHA-256.', 'STILL VULNERABLE TO ASIC MINING, LESS SECURE THAN SHA-256 AGAINST CERTAIN ATTACKS.', 'MODERATE'),
('X11', 'POW', 'A CHAINED HASHING ALGORITHM USING 11 DIFFERENT HASH FUNCTIONS, DEVELOPED FOR DASH. ENERGY-EFFICIENT AND DESIGNED TO DETER ASIC DEVELOPMENT.', 'GPU, CPU', '30% LESS POWER THAN SCRYPT, RUNS COOLER, COMPLEX DESIGN RESISTS ASICS, HIGH SECURITY.', 'LIMITED ADOPTION, COMPLEX IMPLEMENTATION, SOME ASIC DEVELOPMENT POSSIBLE.', 'MODERATE'),
('ETHASH', 'POW', 'MEMORY-HARD ALGORITHM USED BY ETHEREUM CLASSIC, DESIGNED TO BE ASIC-RESISTANT AND GPU-FRIENDLY. RELIES ON A LARGE DAG (DIRECTED ACYCLIC GRAPH) FOR MINING.', 'GPU', 'ASIC-RESISTANT, SUPPORTS GPU MINING, HIGH MEMORY REQUIREMENTS ENHANCE SECURITY.', 'HIGH MEMORY USAGE, COMPLEX SETUP, ETHEREUM’S MOVE TO POS REDUCED ADOPTION.', 'LOW'),
('EQUIHASH', 'POW', 'A MEMORY-HARD ALGORITHM BASED ON THE BIRTHDAY PROBLEM, USED BY ZCASH. DESIGNED TO FAVOR CPU/GPU MINING AND RESIST ASICS.', 'GPU, CPU', 'ASIC-RESISTANT, SUPPORTS STANDARD HARDWARE, HIGH SECURITY FOR PRIVACY COINS.', 'MEMORY-INTENSIVE, LIMITED ADOPTION, SOME ASIC DEVELOPMENT OCCURRED.', 'MODERATE'),
('CRYPTONIGHT', 'POW', 'A MEMORY-HARD ALGORITHM DESIGNED FOR CPU MINING, USED BY MONERO IN EARLY VERSIONS. AIMS TO DEMOCRATIZE MINING BY FAVORING STANDARD PCS.', 'CPU, GPU', 'CPU-FRIENDLY, PROMOTES DECENTRALIZATION, RESISTANT TO ASICS.', 'SLOWER PERFORMANCE, LIMITED SCALABILITY, MONERO MOVED TO RANDOMX.', 'HIGH'),
('KECCAK-256', 'POW', 'A CRYPTOGRAPHIC HASH FUNCTION FROM THE SHA-3 FAMILY, USED BY ETHEREUM FOR TRANSACTION HASHING. PRODUCES A 256-BIT HASH WITH HIGH SECURITY.', 'GPU, CPU', 'HIGH SECURITY, COLLISION-RESISTANT, VERSATILE FOR NON-MINING USES.', 'NOT OPTIMIZED FOR MINING, LIMITED POW USE POST-ETHEREUM MERGE.', 'MODERATE'),
('X15', 'POW', 'A CHAINED ALGORITHM USING 15 HASH FUNCTIONS, DESIGNED FOR ENERGY EFFICIENCY AND RESISTANCE TO CRYPTOGRAPHIC ATTACKS. USED BY SMALLER COINS LIKE BITSEND.', 'GPU, CPU', 'ENHANCED SECURITY THROUGH MULTIPLE HASHES, ENERGY-EFFICIENT, RESISTS SPECIALIZED HARDWARE.', 'VERY LIMITED ADOPTION, COMPLEX IMPLEMENTATION.', 'MODERATE'),
('BLAKE2', 'POW', 'A CRYPTOGRAPHIC HASH FUNCTION FASTER THAN MD5 AND SHA-1, USED BY SOME SMALLER POW COINS. OPTIMIZED FOR SPEED AND SECURITY.', 'GPU, CPU', 'HIGH SPEED, SECURE, IMMUNE TO LENGTH EXTENSION ATTACKS.', 'LESS TESTED IN LARGE-SCALE POW, LIMITED CRYPTOCURRENCY USE.', 'HIGH'),
('LYRA2RE', 'POW', 'A MEMORY-HARD ALGORITHM USED BY VERTCOIN, DESIGNED TO BE ASIC-RESISTANT AND SUPPORT GPU MINING.', 'GPU', 'ASIC-RESISTANT, SUPPORTS DECENTRALIZED MINING, ENERGY-EFFICIENT.', 'LIMITED ADOPTION, LESS SECURE THAN SHA-256 FOR LARGE NETWORKS.', 'MODERATE'),
('GROESTL', 'POW', 'A CRYPTOGRAPHIC HASH FUNCTION FROM THE SHA-3 COMPETITION, USED BY GROESTLCOIN. FOCUSES ON SECURITY AND EFFICIENCY.', 'GPU, CPU', 'HIGH SECURITY, EFFICIENT ON STANDARD HARDWARE, ASIC-RESISTANT.', 'LIMITED ADOPTION, LESS COMMUNITY SUPPORT.', 'MODERATE'),
('QUARK', 'POW', 'A LIGHTWEIGHT ALGORITHM USING MULTIPLE HASH FUNCTIONS, DESIGNED FOR CPU MINING AND ENERGY EFFICIENCY. USED BY QUARKCHAIN.', 'CPU', 'ENERGY-EFFICIENT, CPU-FRIENDLY, PROMOTES DECENTRALIZATION.', 'LOW ADOPTION, LESS SECURE FOR HIGH-VALUE NETWORKS.', 'HIGH'),
('SHA-1', 'POW', 'A 160-BIT HASH FUNCTION, PREDECESSOR TO SHA-2, USED BY SOME EARLY OR NICHE POW COINS. LESS SECURE BUT COMPUTATIONALLY LIGHTER.', 'GPU, CPU', 'LIGHTWEIGHT, FAST COMPUTATION, SUITABLE FOR LOW-POWER DEVICES.', 'SIGNIFICANT CRYPTOGRAPHIC WEAKNESSES, NOT SECURE FOR MODERN USE.', 'HIGH'),
('MD5', 'POW', 'A 128-BIT HASH FUNCTION USED BY SOME OBSCURE POW COINS. FAST BUT CRYPTOGRAPHICALLY BROKEN.', 'GPU, CPU', 'VERY FAST, LOW RESOURCE USAGE.', 'HIGHLY VULNERABLE TO COLLISIONS, UNSUITABLE FOR SECURE APPLICATIONS.', 'HIGH'),
('RIPEMD-160', 'POW', 'A 160-BIT HASH FUNCTION FROM THE RIPEMD FAMILY, USED IN SOME HYBRID POW/POS COINS. BALANCES SECURITY AND EFFICIENCY.', 'GPU, CPU', 'SECURE FOR SMALLER NETWORKS, EFFICIENT ON STANDARD HARDWARE.', 'LESS SECURE THAN SHA-256, LIMITED ADOPTION.', 'MODERATE'),
('RANDOMX', 'POW', 'A PROOF-OF-WORK ALGORITHM DESIGNED FOR MONERO, OPTIMIZED FOR GENERAL-PURPOSE CPUS AND GPUS. USES RANDOM CODE EXECUTION AND MEMORY-HARD TECHNIQUES VIA A VIRTUAL MACHINE, PRODUCING A 256-BIT HASH WITH BLAKE2B. AIMS TO RESIST ASICS AND PROMOTE DECENTRALIZED MINING.', 'CPU, GPU', 'ASIC-RESISTANT, EFFICIENT ON CONSUMER HARDWARE, PROMOTES DECENTRALIZATION, AUDITED FOR SECURITY.', 'COMPLEX IMPLEMENTATION, REQUIRES 64-BIT CPU AND LARGE CACHE, SLOWER IN LIGHT MODE FOR VERIFICATION.', 'HIGH'),
-- ('SHA-256', 'POS', 'SECURE HASH ALGORITHM 256-BIT, USED IN SOLANA’S PROOF OF HISTORY FOR SEQUENTIAL HASHING TO TIMESTAMP TRANSACTIONS. GENERATES A 256-BIT HASH, ENSURING DATA INTEGRITY AND ORDER IN A HIGH-THROUGHPUT POS BLOCKCHAIN.', 'CPU', 'HIGH SECURITY, WIDELY ADOPTED, EFFICIENT FOR NON-MINING TASKS, SUPPORTS SOLANA’S 50,000 TPS.', 'NOT ASIC-RESISTANT IN POW CONTEXTS, LIMITED TO TIMESTAMPING IN POS, COMPUTATIONALLY INTENSIVE FOR SEQUENTIAL TASKS.', 'MODERATE'),
('N/A', 'POS',
                                   'NO SPECIFIC HASH ALGORITHM, USED FOR NON-POW OR NON-STANDARD CONSENSUS MECHANISMS.'
                                  ,'N/A','N/A','N/A','HIGH');


INSERT INTO CRYPTO (
    NAME, SYMBOL, MAX_PRICE, MAX_PRICE_DATE, MIN_PRICE, MIN_PRICE_DATE,
    TOTAL_SUPPLY, CIRCULATING_SUPPLY, BLOCKCHAIN_ACCESS_TYPE, CONSENSUS_ALGORITHM_TYPE,
    BLOCKCHAIN_NETWORK_TYPE, BLOCKCHAIN_TOKEN_TYPE, HASH_ALGO_NAME,
    FOUNDER, INITIAL_RELEASE_YEAR, OFFICIAL_WEBSITE, DESCRIPTION_FOR_MAJOR_CHANGES_LIKE_AS_MERGE
) VALUES
-- 1. BITCOIN
('BITCOIN', 'BTC', 109114.88, '2025-01-25', 0.048650000000000, '2010-07-14', 21000000.000000000000000, 19500000.000000000000000, 'PUBLIC', 'POW', 'LAYER-1', 'NATIVE COIN', 'SHA-256', 'SATOSHI NAKAMOTO', 2009, 'HTTPS://BITCOIN.ORG', 'TAPROOT UPGRADE (2021), ETF APPROVALS (2024)'),
-- 2. ETHEREUM
('ETHEREUM', 'ETH', 6000.000000000000000, '2025-12-31', 0.432979000000000, '2015-10-20', NULL, 120000000.000000000000000, 'PUBLIC', 'POS', 'LAYER-1', 'NATIVE COIN', 'KECCAK-256', 'VITALIK BUTERIN', 2015, 'HTTPS://ETHEREUM.ORG', 'THE MERGE TO POS (2022), DENCUN UPGRADE (2024)'),
-- 3. TETHER
('TETHER', 'USDT', 1.320000000000000, '2018-07-24', 0.572521000000000, '2015-03-02', NULL, 83000000000.000000000000000, 'HYBRID', 'N/A', 'LAYER-1', 'STABLECOIN', 'N/A', 'BROCK PIERCE', 2014, 'HTTPS://TETHER.TO', 'RESERVE ATTESTATION CHANGES (2022), MULTI-CHAIN EXPANSION'),
-- 4. XRP
('XRP', 'XRP', 3.400000000000000, '2018-01-07', 0.002686000000000, '2014-05-22', 100000000000.000000000000000, 54000000000.000000000000000, 'PUBLIC', 'RIPPLE PROTOCOL', 'LAYER-1', 'NATIVE COIN', 'N/A', 'CHRIS LARSEN', 2013, 'HTTPS://RIPPLE.COM', 'SEC LAWSUIT RESOLUTION (2023)'),
-- 5. BINANCE COIN
('BINANCE COIN', 'BNB', 717.480000000000000, '2024-06-06', 0.096109000000000, '2017-08-02', 200000000.000000000000000, 157000000.000000000000000, 'PUBLIC', 'POSA', 'LAYER-1', 'UTILITY TOKEN', 'N/A', 'CHANGPENG ZHAO', 2017, 'HTTPS://BNBCHAIN.ORG', 'BNB CHAIN REBRAND (2022)'),
-- 6. USD COIN
('USD COIN', 'USDC', 1.170000000000000, '2019-05-08', 0.877647000000000, '2023-03-11', NULL, 56000000000.000000000000000, 'HYBRID', 'N/A', 'LAYER-1', 'STABLECOIN', 'N/A', 'CIRCLE', 2018, 'HTTPS://CIRCLE.COM', 'CCTP CROSS-CHAIN PROTOCOL (2023)'),
-- 7. SOLANA
('SOLANA', 'SOL', 259.960000000000000, '2021-11-06', 0.500801000000000, '2020-05-11', 511000000.000000000000000, 400000000.000000000000000, 'PUBLIC', 'POH+POS', 'LAYER-1', 'NATIVE COIN', 'SHA-256', 'ANATOLY YAKOVENKO', 2020, 'HTTPS://SOLANA.COM', 'NETWORK OUTAGES (2022-2023), FIREDANCER UPGRADE (2024)'),
-- 8. CARDANO
('CARDANO', 'ADA', 3.090000000000000, '2021-09-02', 0.019252000000000, '2020-03-13', 45000000000.000000000000000, 35000000000.000000000000000, 'PUBLIC', 'OUROBOROS POS', 'LAYER-1', 'NATIVE COIN', 'N/A', 'CHARLES HOSKINSON', 2017, 'HTTPS://CARDANO.ORG', 'ALONZO HARD FORK (2021), CHANG UPGRADE (2024)'),
-- 9. DOGECOIN
('DOGECOIN', 'DOGE', 0.731578000000000, '2021-05-08', 0.000086900000000, '2015-05-06', NULL, 142000000000.000000000000000, 'PUBLIC', 'AUXPOW', 'LAYER-1', 'NATIVE COIN', 'SCRYPT', 'BILLY MARKUS', 2013, 'HTTPS://DOGECOIN.COM', 'MERGE MINING WITH LITECOIN, ELON MUSK ENDORSEMENTS'),
-- 10. TRON
('TRON', 'TRX', 0.231673000000000, '2018-01-05', 0.001804000000000, '2017-11-12', 100000000000.000000000000000, 92000000000.000000000000000, 'PUBLIC', 'DPOS', 'LAYER-1', 'NATIVE COIN', 'N/A', 'JUSTIN SUN', 2017, 'HTTPS://TRON.NETWORK', 'USDD STABLECOIN LAUNCH (2022)'),
-- 11. AVALANCHE
('AVALANCHE', 'AVAX', 144.960000000000000, '2021-11-21', 2.800000000000000, '2020-12-31', 720000000.000000000000000, 400000000.000000000000000, 'PUBLIC', 'SNOWMAN POS', 'LAYER-1', 'NATIVE COIN', 'N/A', 'EMIN GÜN SIRER', 2020, 'HTTPS://AVAX.NETWORK', 'APRICOT UPGRADE (2021), SUBNET EXPANSION'),
-- 12. SHIBA INU
('SHIBA INU', 'SHIB', 0.000086160000000, '2021-10-28', 0.000000000081000, '2020-09-01', 1000000000000000.000000000000000, 549000000000000.000000000000000, 'PUBLIC', 'POS (ETH)', 'LAYER-2', 'MEME TOKEN', 'KECCAK-256', 'RYOSHI', 2020, 'HTTPS://SHIBATOKEN.COM', 'SHIBARIUM LAUNCH (2023)'),
-- 13. POLKADOT
('POLKADOT', 'DOT', 54.980000000000000, '2021-11-04', 2.700000000000000, '2020-08-20', 1200000000.000000000000000, 1100000000.000000000000000, 'PUBLIC', 'NPOS', 'LAYER-0', 'NATIVE COIN', 'N/A', 'GAVIN WOOD', 2020, 'HTTPS://POLKADOT.NETWORK', 'PARACHAIN LAUNCHES (2021)'),
-- 14. CHAINLINK
('CHAINLINK', 'LINK', 52.700000000000000, '2021-05-10', 0.148183000000000, '2017-11-29', 1000000000.000000000000000, 550000000.000000000000000, 'HYBRID', 'POS (ORACLE)', 'LAYER-1', 'UTILITY TOKEN', 'KECCAK-256', 'SERGEY NAZAROV', 2017, 'HTTPS://CHAIN.LINK', 'CCIP LAUNCH (2023)'),
-- 15. BITCOIN CASH
('BITCOIN CASH', 'BCH', 3785.820000000000000, '2017-12-20', 76.930000000000000, '2018-12-16', 21000000.000000000000000, 19400000.000000000000000, 'PUBLIC', 'POW', 'LAYER-1', 'NATIVE COIN', 'SHA-256', 'ROGER VER', 2017, 'HTTPS://BITCOINCASH.ORG', 'HARD FORK FROM BITCOIN (2017)'),
-- 16. DAI
('DAI', 'DAI', 1.220000000000000, '2020-03-13', 0.903243000000000, '2018-03-31', NULL, 10000000000.000000000000000, 'PUBLIC', 'POS (ETH)', 'LAYER-2', 'STABLECOIN', 'KECCAK-256', 'MAKERDAO', 2017, 'HTTPS://MAKERDAO.COM', 'MULTI-CHAIN DAI (2023)'),
-- 17. LITECOIN
('LITECOIN', 'LTC', 410.260000000000000, '2021-05-10', 1.150000000000000, '2015-01-14', 84000000.000000000000000, 73000000.000000000000000, 'PUBLIC', 'POW', 'LAYER-1', 'NATIVE COIN', 'SCRYPT', 'CHARLIE LEE', 2011, 'HTTPS://LITECOIN.ORG', 'MIMBLEWIMBLE UPGRADE (2022)'),
-- 18. NEAR PROTOCOL
('NEAR PROTOCOL', 'NEAR', 20.440000000000000, '2022-01-16', 0.526762000000000, '2020-11-04', 1000000000.000000000000000, 850000000.000000000000000, 'PUBLIC', 'NIGHTSHADE POS', 'LAYER-1', 'NATIVE COIN', 'N/A', 'ILLIA POLOSUKHIN', 2020, 'HTTPS://NEAR.ORG', 'SHARDING PHASE 1 (2023)'),
-- 19. POLYGON
('POLYGON', 'MATIC', 2.920000000000000, '2021-12-27', 0.003143000000000, '2019-05-10', 10000000000.000000000000000, 9300000000.000000000000000, 'PUBLIC', 'POS', 'LAYER-2', 'UTILITY TOKEN', 'KECCAK-256', 'SANDEEP NAILWAL', 2017, 'HTTPS://POLYGON.TECHNOLOGY', 'ZKEVM LAUNCH (2023)'),
-- 20. INTERNET COMPUTER
('INTERNET COMPUTER', 'ICP', 700.650000000000000, '2021-05-10', 2.870000000000000, '2023-09-22', 469000000.000000000000000, 450000000.000000000000000, 'PUBLIC', 'THRESHOLD RELAY', 'LAYER-1', 'NATIVE COIN', 'N/A', 'DOMINIC WILLIAMS', 2021, 'HTTPS://INTERNETCOMPUTER.ORG', 'BITCOIN INTEGRATION (2023)'),
-- 21. FETCH.AI
('FETCH.AI', 'FET', 3.330000000000000, '2024-03-31', 0.008300000000000, '2019-03-02', 1152997575.000000000000000, 1040000000.000000000000000, 'PUBLIC', 'POS', 'LAYER-1', 'UTILITY TOKEN', 'N/A', 'HUMAYUN SHEIKH', 2019, 'HTTPS://FETCH.AI', 'AI AGENT ECOSYSTEM EXPANSION (2024)'),
-- 22. STELLAR
('STELLAR', 'XLM', 0.875563000000000, '2018-01-03', 0.000476000000000, '2014-11-18', 50000000000.000000000000000, 28000000000.000000000000000, 'PUBLIC', 'SCP', 'LAYER-1', 'NATIVE COIN', 'N/A', 'JED MCCALEB', 2014, 'HTTPS://STELLAR.ORG', 'PROTOCOL 19 UPGRADE (2023)'),
-- 23. ETHEREUM CLASSIC
('ETHEREUM CLASSIC', 'ETC', 167.090000000000000, '2021-05-06', 0.615038000000000, '2016-07-25', 210700000.000000000000000, 140000000.000000000000000, 'PUBLIC', 'POW', 'LAYER-1', 'NATIVE COIN', 'ETHASH', 'ETHEREUM FOUNDATION', 2016, 'HTTPS://ETHEREUMCLASSIC.ORG', 'THANOS UPGRADE (2020)'),
-- 24. COSMOS
('COSMOS', 'ATOM', 44.450000000000000, '2022-01-17', 1.160000000000000, '2020-03-13', NULL, 350000000.000000000000000, 'PUBLIC', 'TENDERMINT BFT', 'LAYER-0', 'NATIVE COIN', 'N/A', 'JAE KWON', 2019, 'HTTPS://COSMOS.NETWORK', 'INTERCHAIN SECURITY (2023)'),
-- 25. FILECOIN
('FILECOIN', 'FIL', 236.840000000000000, '2021-04-01', 2.640000000000000, '2022-12-16', 2000000000.000000000000000, 400000000.000000000000000, 'PUBLIC', 'POREP/POST', 'LAYER-1', 'UTILITY TOKEN', 'N/A', 'JUAN BENET', 2017, 'HTTPS://FILECOIN.IO', 'FVM LAUNCH (2023)'),
-- 26. ARBITRUM
('ARBITRUM', 'ARB', 2.750000000000000, '2023-03-23', 0.360000000000000, '2023-09-11', 10000000000.000000000000000, 2000000000.000000000000000, 'PUBLIC', 'POS', 'LAYER-2', 'GOVERNANCE TOKEN', 'KECCAK-256', 'OFFCHAIN LABS', 2023, 'HTTPS://ARBITRUM.IO', 'MAINNET LAUNCH (2023)'),
-- 27. CRONOS
('CRONOS', 'CRO', 0.965407000000000, '2021-11-24', 0.012119000000000, '2019-02-08', 30000000000.000000000000000, 25000000000.000000000000000, 'PUBLIC', 'POS', 'LAYER-1', 'UTILITY TOKEN', 'N/A', 'KRIS MARSZALEK', 2018, 'HTTPS://CRONOS.ORG', 'CRONOS CHAIN LAUNCH (2021)'),
-- 28. HEDERA
('HEDERA', 'HBAR', 0.569229000000000, '2021-09-15', 0.009861000000000, '2020-01-02', 50000000000.000000000000000, 33000000000.000000000000000, 'PUBLIC', 'HASHGRAPH ABFT', 'LAYER-1', 'NATIVE COIN', 'N/A', 'LEEMON BAIRD', 2019, 'HTTPS://HEDERA.COM', 'CONSENSUS SERVICE 2.0 (2023)'),
-- 29. FANTOM
('FANTOM', 'FTM', 3.460000000000000, '2021-10-28', 0.001902000000000, '2020-03-13', 3175000000.000000000000000, 2800000000.000000000000000, 'PUBLIC', 'LACHESIS ABFT', 'LAYER-1', 'NATIVE COIN', 'N/A', 'DR. AHN BYUNG IK', 2019, 'HTTPS://FANTOM.FOUNDATION', 'GAS MONETIZATION (2023)'),
-- 30. THE GRAPH
('THE GRAPH', 'GRT', 0.667000000000000, '2021-04-16', 0.021000000000000, '2020-12-17', 10788004317.000000000000000, 8000000000.000000000000000, 'PUBLIC', 'POS', 'LAYER-2', 'UTILITY TOKEN', 'KECCAK-256', 'YANIV TAL', 2020, 'HTTPS://THEGRAPH.COM', 'DECENTRALIZED INDEXING (2023)'),
-- 31. ALGORAND
('ALGORAND', 'ALGO', 3.560000000000000, '2019-06-20', 0.087513000000000, '2023-09-11', 10000000000.000000000000000, 7500000000.000000000000000, 'PUBLIC', 'PURE POS', 'LAYER-1', 'NATIVE COIN', 'N/A', 'SILVIO MICALI', 2019, 'HTTPS://ALGORAND.COM', 'STATE PROOFS (2022)'),
-- 32. VECHAIN
('VECHAIN', 'VET', 0.280991000000000, '2021-04-17', 0.001678000000000, '2020-03-13', 86700000000.000000000000000, 72500000000.000000000000000, 'PUBLIC', 'POA', 'LAYER-1', 'UTILITY TOKEN', 'N/A', 'SUNNY LU', 2017, 'HTTPS://VECHAIN.ORG', 'VECHAINTHOR 2.0 (2022)'),
-- 33. TEZOS
('TEZOS', 'XTZ', 9.120000000000000, '2021-10-04', 0.350476000000000, '2018-12-07', NULL, 950000000.000000000000000, 'PUBLIC', 'LIQUID POS', 'LAYER-1', 'NATIVE COIN', 'N/A', 'ARTHUR BREITMAN', 2018, 'HTTPS://TEZOS.COM', 'MUMBAI UPGRADE (2023)'),
-- 34. THE SANDBOX
('THE SANDBOX', 'SAND', 8.400000000000000, '2021-11-25', 0.028972000000000, '2020-11-04', 3000000000.000000000000000, 2300000000.000000000000000, 'PUBLIC', 'POS (ETH)', 'LAYER-2', 'UTILITY TOKEN', 'KECCAK-256', 'ARTHUR MADRID', 2020, 'HTTPS://SANDBOX.GAME', 'LAND STAKING (2023)'),
-- 35. DECENTRALAND
('DECENTRALAND', 'MANA', 5.850000000000000, '2021-11-25', 0.009317000000000, '2017-10-31', 2200000000.000000000000000, 1900000000.000000000000000, 'PUBLIC', 'POS (ETH)', 'LAYER-2', 'UTILITY TOKEN', 'KECCAK-256', 'ARI MEILICH', 2017, 'HTTPS://DECENTRALAND.ORG', 'DAO GOVERNANCE OVERHAUL (2022)'),
-- 36. AXIE INFINITY
('AXIE INFINITY', 'AXS', 164.900000000000000, '2021-11-06', 0.123718000000000, '2020-11-06', 270000000.000000000000000, 120000000.000000000000000, 'PUBLIC', 'POS', 'SIDECHAIN', 'GOVERNANCE TOKEN', 'KECCAK-256', 'TRUNG NGUYEN', 2020, 'HTTPS://AXIEINFINITY.COM', 'RONIN BRIDGE RELAUNCH (2023)'),
-- 37. AAVE
('AAVE', 'AAVE', 661.690000000000000, '2021-05-18', 26.020000000000000, '2020-11-05', 16000000.000000000000000, 14000000.000000000000000, 'PUBLIC', 'POS (ETH)', 'LAYER-2', 'GOVERNANCE TOKEN', 'KECCAK-256', 'STANI KULECHOV', 2017, 'HTTPS://AAVE.COM', 'V3 PROTOCOL (2022)'),
-- 38. MONERO
('MONERO', 'XMR', 542.330000000000000, '2018-01-09', 0.216177000000000, '2015-01-14', 18400000.000000000000000, 18200000.000000000000000, 'PUBLIC', 'RANDOMX POW', 'LAYER-1', 'NATIVE COIN', 'RANDOMX', 'RICARDO SPAGNI', 2014, 'HTTPS://GETMONERO.ORG', 'TAIL EMISSION ACTIVATION (2022)'),
-- 39. KUSAMA
('KUSAMA', 'KSM', 621.710000000000000, '2021-05-18', 0.876743000000000, '2020-01-14', 10000000.000000000000000, 8500000.000000000000000, 'PUBLIC', 'NPOS', 'LAYER-0', 'NATIVE COIN', 'N/A', 'GAVIN WOOD', 2019, 'HTTPS://KUSAMA.NETWORK', 'PARACHAIN AUCTIONS (2021)'),
-- 40. ZCASH
('ZCASH', 'ZEC', 5941.800000000000000, '2016-10-29', 18.940000000000000, '2020-03-13', 21000000.000000000000000, 16000000.000000000000000, 'PUBLIC', 'POW', 'LAYER-1', 'NATIVE COIN', 'EQUIHASH', 'ZOOKO WILCOX', 2016, 'HTTPS://Z.CASH', 'HALO 2 UPGRADE (2022)'),
-- 41. CHILIZ
('CHILIZ', 'CHZ', 0.878633000000000, '2021-03-13', 0.004001000000000, '2019-09-28', 8888888888.000000000000000, 6000000000.000000000000000, 'PUBLIC', 'POA', 'LAYER-1', 'UTILITY TOKEN', 'N/A', 'ALEXANDRE DREYFUS', 2019, 'HTTPS://CHILIZ.COM', 'SOCIOS.COM EXPANSION (2023)'),
-- 42. HELIUM
('HELIUM', 'HNT', 54.880000000000000, '2021-11-12', 0.113248000000000, '2020-04-18', 223000000.000000000000000, 160000000.000000000000000, 'PUBLIC', 'POC', 'LAYER-1', 'NATIVE COIN', 'N/A', 'AMIR HALEEM', 2019, 'HTTPS://HELIUM.COM', 'SOLANA MIGRATION (2023)'),
-- 43. OPTIMISM
('OPTIMISM', 'OP', 4.850000000000000, '2022-05-31', 0.400000000000000, '2022-12-07', 4294967296.000000000000000, 1000000000.000000000000000, 'PUBLIC', 'POS', 'LAYER-2', 'GOVERNANCE TOKEN', 'KECCAK-256', 'OPTIMISM FOUNDATION', 2022, 'HTTPS://OPTIMISM.IO', 'BEDROCK UPGRADE (2023)'),
-- 44. MAKER
('MAKER', 'MKR', 4095.000000000000000, '2021-05-03', 97.960000000000000, '2017-01-29', 1005577.000000000000000, 950000.000000000000000, 'PUBLIC', 'POS (ETH)', 'LAYER-2', 'GOVERNANCE TOKEN', 'KECCAK-256', 'RUNE CHRISTENSEN', 2017, 'HTTPS://MAKERDAO.COM', 'ENDGAME PLAN (2024)'),
-- 45. INJECTIVE
('INJECTIVE', 'INJ', 44.950000000000000, '2024-03-14', 0.657000000000000, '2020-11-04', 100000000.000000000000000, 85000000.000000000000000, 'PUBLIC', 'TENDERMINT BFT', 'APPCHAIN', 'NATIVE COIN', 'N/A', 'ERIC CHEN', 2020, 'HTTPS://INJECTIVE.COM', 'COSMOS SDK INTEGRATION'),
-- 46. IMMUTABLE X
('IMMUTABLE X', 'IMX', 3.760000000000000, '2021-11-26', 0.110000000000000, '2021-06-11', 2000000000.000000000000000, 1500000000.000000000000000, 'PUBLIC', 'POS', 'LAYER-2', 'UTILITY TOKEN', 'KECCAK-256', 'JAMES FERGUSON', 2021, 'HTTPS://IMMUTABLE.COM', 'IMMUTABLE ZKEVM LAUNCH (2024)'),
-- 47. APTOS
('APTOS', 'APT', 20.250000000000000, '2023-01-26', 3.080000000000000, '2022-12-07', 1000000000.000000000000000, 400000000.000000000000000, 'PUBLIC', 'POS', 'LAYER-1', 'NATIVE COIN', 'N/A', 'MO SHAIKH', 2022, 'HTTPS://APTOSLABS.COM', 'MAINNET LAUNCH (2022)'),
-- 48. SEI
('SEI', 'SEI', 0.880000000000000, '2023-08-15', 0.095000000000000, '2023-09-11', 10000000000.000000000000000, 3000000000.000000000000000, 'PUBLIC', 'TENDERMINT BFT', 'LAYER-1', 'NATIVE COIN', 'N/A', 'JAYENDRA JOG', 2023, 'HTTPS://SEI.NETWORK', 'MAINNET LAUNCH (2023)'),
-- 49. LIDO DAO
('LIDO DAO', 'LDO', 3.330000000000000, '2021-11-16', 0.404000000000000, '2020-12-17', 1000000000.000000000000000, 900000000.000000000000000, 'PUBLIC', 'POS (ETH)', 'LAYER-2', 'GOVERNANCE TOKEN', 'KECCAK-256', 'KONSTANTIN LOMASHUK', 2020, 'HTTPS://LIDO.FI', 'LIQUID STAKING EXPANSION (2023)'),
-- 50. ONDO
('ONDO', 'ONDO', 3.330000000000000, '2024-03-31', 0.810000000000000, '2024-01-18', 10000000000.000000000000000, 2000000000.000000000000000, 'PUBLIC', 'POS', 'LAYER-2', 'UTILITY TOKEN', 'KECCAK-256', 'NATHAN ALLMAN', 2024, 'HTTPS://ONDO.FINANCE', 'RWA TOKENIZATION LAUNCH (2024)');

-- CRYPTO DATA END
